{"inputUnits":[34],"outputUnits":5,"inputs":{"0":{"dtype":"number","min":121.74658868099465,"max":529.3901542930752},"1":{"dtype":"number","min":-97.81151797520975,"max":287.50462454116763},"2":{"dtype":"number","min":124.08063331930553,"max":554.4302249418622},"3":{"dtype":"number","min":-112.17611468719602,"max":277.232818306652},"4":{"dtype":"number","min":115.57362626962625,"max":523.5854585996398},"5":{"dtype":"number","min":-104.61751618737841,"max":275.4789065943618},"6":{"dtype":"number","min":136.07737619125425,"max":617.5071900364026},"7":{"dtype":"number","min":-110.18266136080375,"max":273.99069522605333},"8":{"dtype":"number","min":20.870905182241003,"max":476.4019741251311},"9":{"dtype":"number","min":-108.52102079280155,"max":277.08446962824127},"10":{"dtype":"number","min":90.84644243411053,"max":564.0019350756932},"11":{"dtype":"number","min":-142.78688423364542,"max":306.79207649676255},"12":{"dtype":"number","min":-13.442496808122568,"max":471.7062787601456},"13":{"dtype":"number","min":-134.21235199568338,"max":308.86687460576513},"14":{"dtype":"number","min":2.920867088703794,"max":705.0701785551435},"15":{"dtype":"number","min":-86.95944463232613,"max":402.5748051743563},"16":{"dtype":"number","min":-38.74395585709509,"max":515.8063860347763},"17":{"dtype":"number","min":-17.982889019561647,"max":430.11652015062623},"18":{"dtype":"number","min":-51.7519797239786,"max":722.931596926678},"19":{"dtype":"number","min":-4.0240169777480475,"max":579.1635594943155},"20":{"dtype":"number","min":-53.03490545963035,"max":534.0609111860105},"21":{"dtype":"number","min":4.770940045902236,"max":594.0186900573018},"22":{"dtype":"number","min":129.49402627314112,"max":540.2106876595939},"23":{"dtype":"number","min":129.34643459691148,"max":484.84861796932},"24":{"dtype":"number","min":67.16321062021218,"max":438.9110415269429},"25":{"dtype":"number","min":128.18260103812014,"max":505.68834950487906},"26":{"dtype":"number","min":138.41496449036356,"max":548.7750736934202},"27":{"dtype":"number","min":216.00914268642083,"max":598.0544937074417},"28":{"dtype":"number","min":52.7187765989786,"max":419.86181949363146},"29":{"dtype":"number","min":215.07543897814327,"max":592.6149479609983},"30":{"dtype":"number","min":146.28170028270915,"max":544.0694204842534},"31":{"dtype":"number","min":283.5866205237719,"max":597.402742734679},"32":{"dtype":"number","min":43.68951938495562,"max":449.4005124578216},"33":{"dtype":"number","min":286.8319761521158,"max":593.0708283301922}},"outputs":{"0":{"dtype":"string","min":0,"max":1,"uniqueValues":["Neutral","Hands Up","Warrior","Squat","Stretch"],"legend":{"Neutral":[1,0,0,0,0],"Hands Up":[0,1,0,0,0],"Warrior":[0,0,1,0,0],"Squat":[0,0,0,1,0],"Stretch":[0,0,0,0,1]}}},"isNormalized":true}